{"ema_prev": {"QLD": 0.17358687347631424, "QQQ": 0.0, "SMH": 0.1819955794995292, "HYMB": 0.5044959232544046, "GLDM": 0.13992162376975206}, "last_reb_date": "2026-01-09"}