{"ema_prev": {"QQQ": 0.21518585475572366, "BND": 0.6047461861961823, "GLD": 0.18006795904809406}, "last_reb_date": "2025-08-25"}